Gender,Age,BMI,Glucose,BloodPressure,FamilyHistory,Diabetes
0,48,26.5,148,72,1,1
1,38,24.7,85,66,0,0
0,52,27.9,183,64,1,1
1,31,25.0,89,66,0,0
1,55,30.2,137,40,1,1
0,45,29.6,116,74,0,0
1,35,22.6,78,50,0,0
0,42,28.9,150,78,1,1
1,50,32.0,168,88,1,1
1,37,21.4,88,58,0,0
0,58,28.4,175,62,1,1
1,26,21.3,90,70,0,0
1,60,34.0,165,76,1,1
1,29,19.5,67,50,0,0
0,47,25.8,100,70,0,0
0,62,35.7,200,80,1,1
1,33,24.6,120,70,0,0
0,56,28.8,140,90,1,1
0,64,33.5,155,76,1,1
1,40,23.8,95,65,0,0
1,32,22.5,85,62,0,0
0,55,31.4,178,84,1,1
1,43,25.5,130,78,0,0
0,62,33.7,194,80,1,1
1,28,20.9,75,60,0,0
0,51,31.2,127,88,1,1
1,36,22.7,82,64,0,0
0,58,30.8,152,82,1,1
1,39,21.5,88,66,0,0
0,47,28.5,125,75,0,0
1,65,34.5,160,95,1,1
0,34,21.8,90,68,0,0
1,59,30.7,170,84,1,1
0,41,27.9,112,72,0,0
1,30,20.3,78,58,0,0
0,53,32.8,184,78,1,1
1,44,23.4,95,70,0,0
0,57,31.3,168,88,1,1
1,35,22.1,80,62,0,0
0,48,29.7,135,80,1,1
1,42,24.5,92,68,0,0
0,61,33.9,182,92,1,1
1,33,21.2,82,60,0,0
0,52,30.4,140,78,1,1
1,37,22.8,88,65,0,0
0,59,32.8,195,82,1,1
1,43,24.1,105,72,0,0
0,51,28.9,145,82,0,1
1,38,22.3,92,66,0,0
0,58,31.8,175,90,1,1
1,34,23.1,99,68,0,0
0,45,30.5,163,88,1,1
1,29,20.8,78,62,0,0
0,63,33.8,185,92,1,1
1,44,26.1,110,72,0,0
0,56,31.6,172,86,1,1
1,39,23.5,93,68,0,0
0,57,32.7,194,90,1,1
1,31,21.9,86,64,0,0
0,50,29.8,143,82,0,1
1,36,22.3,91,70,0,0
0,54,33.2,188,94,1,1
1,40,24.2,99,72,0,0
0,52,29.4,152,84,1,1
1,28,20.1,80,58,0,0
0,61,34.8,192,94,1,1
1,37,22.9,94,68,0,0
0,49,28.5,133,78,0,0
1,35,23.4,96,70,0,0
0,58,32.5,177,92,1,1
1,42,25.2,108,74,0,0
0,63,33.1,182,86,1,1
1,32,21.8,84,64,0,0
0,53,30.7,158,88,1,1
1,38,23.9,98,72,0,0
0,55,31.2,165,84,1,1
1,41,24.7,105,76,0,0
0,59,33.4,189,96,1,1
1,30,21.1,83,62,0,0
0,46,28.3,130,76,0,0
1,39,23.8,97,70,0,0
0,60,34.1,198,94,1,1
1,34,22.6,93,68,0,0
0,47,29.2,142,84,0,0
1,35,22.4,90,66,0,0
0,62,32.8,190,92,1,1
1,43,25.3,113,76,0,0
0,56,31.9,172,88,1,1
1,29,21.6,79,60,0,0
0,64,35.2,201,100,1,1
1,32,22.3,87,64,0,0
0,53,32.4,163,88,1,1
1,41,24.8,106,74,0,0
0,49,29.4,143,82,0,1
1,33,22.5,92,68,0,0
0,57,32.3,184,90,1,1
1,36,23.2,97,70,0,0
0,61,33.8,194,96,1,1
1,40,24.3,105,74,0,0
0,50,29.8,150,86,1,1
1,31,21.6,84,62,0,0
0,55,31.1,172,88,1,1
1,37,23.8,98,70,0,0
0,60,34.5,198,98,1,1
1,42,25.7,112,78,0,0
0,54,30.5,160,84,1,1
1,32,21.7,83,64,0,0
0,59,33.2,187,92,1,1
1,39,24.5,103,72,0,0
0,51,30.8,155,84,1,1
1,35,23.1,93,68,0,0
0,63,34.7,195,94,1,1
1,38,23.9,98,70,0,0
0,48,28.9,138,80,0,0
1,34,22.8,91,66,0,0
0,55,32.1,172,88,1,1
1,41,25.4,109,76,0,0
0,64,33.9,196,92,1,1
1,29,20.8,80,60,0,0
0,52,31.2,160,86,1,1
1,37,24.2,99,72,0,0
0,58,32.6,182,90,1,1
1,33,22.7,89,66,0,0
0,49,29.6,145,82,0,1
1,40,24.6,108,76,0,0
0,59,33.7,187,94,1,1
1,34,22.9,91,68,0,0
0,53,31.5,168,86,1,1
1,36,23.4,96,70,0,0
0,60,33.6,190,92,1,1
1,42,25.3,110,78,0,0
0,54,30.9,165,84,1,1
1,32,21.8,84,64,0,0